,DRILL_BIT_ID,DRILL_BIT_NAME,BIT_DEPTH_min,BIT_DEPTH_max,RATE_OF_PENETRATION_mean,total_depth,total_hours,CPR,CPF,CPH,cost
0,1,Buzz Drilldrin,153.59,4134.59,436.31612209802233,3981.0,9.12411849660149,5000,1.5,0,10971.5
1,2,Apollo,4135.04,10171.07,285.86584644004733,6036.03,21.114904334211516,1000,4.0,2500,77931.38083552879
2,3,AstroBit,10172.54,11313.03,119.89640035118525,1140.4899999999998,9.512295587352263,3000,1.0,1500,18408.933381028393
