,DRILL_BIT_ID,DRILL_BIT_NAME,BIT_DEPTH_min,BIT_DEPTH_max,RATE_OF_PENETRATION_mean,total_depth,total_hours,CPR,CPF,CPH,cost
0,1,Buzz Drilldrin,216.63,12415.01,288.07256986027943,12198.380000000001,42.3448161201757,5000,1.5,0,23297.57
1,2,ChallengDriller,12416.74,17762.74,121.51646000000001,5346.000000000002,43.99403998437744,10000,0.0,0,10000.0
