,DRILL_BIT_ID,DRILL_BIT_NAME,BIT_DEPTH_min,BIT_DEPTH_max,RATE_OF_PENETRATION_mean,total_depth,total_hours,CPR,CPF,CPH,cost
0,1,Apollo,117.3,9316.52,356.2963076737742,9199.220000000001,25.819015807547547,1000,4.0,2500,102344.41951886888
1,2,Buzz Drilldrin,9317.01,9328.54,118.2,11.530000000000655,0.09754653130288202,5000,1.5,0,5017.295000000001
2,3,Buzz Drilldrin,9329.03,9342.52,117.45714285714287,13.489999999999782,0.11485040136219711,5000,1.5,0,5020.235
3,4,Buzz Drilldrin,9343.07,10510.51,110.78089117395031,1167.4400000000005,10.53827955009735,5000,1.5,0,6751.160000000001
4,5,Buzz Drilldrin,10511.04,15323.0,108.80234729934377,4811.959999999999,44.2266193647554,5000,1.5,0,12217.939999999999
