,DRILL_BIT_ID,DRILL_BIT_NAME,BIT_DEPTH_min,BIT_DEPTH_max,RATE_OF_PENETRATION_mean,total_depth,total_hours,CPR,CPF,CPH,cost
0,1,Apollo,1252.71,7788.59,378.030736677116,6535.88,17.289281970694443,1000,4.0,2500,70366.7249267361
1,2,Apollo,7789.02,11328.52,138.3770704391394,3539.5,25.57865973580307,1000,4.0,2500,79104.64933950767
2,3,Apollo,11329.05,14213.03,90.99530634181296,2883.9800000000014,31.693722631875936,1000,4.0,2500,91770.22657968986
3,4,AstroBit,14214.55,23160.56,101.98243320068221,8946.010000000002,87.72108802695402,3000,1.0,1500,143527.64204043103
