,DRILL_BIT_ID,DRILL_BIT_NAME,BIT_DEPTH_min,BIT_DEPTH_max,RATE_OF_PENETRATION_mean,total_depth,total_hours,CPR,CPF,CPH,cost
0,1,Apollo,138.57,4945.05,497.44906387665196,4806.4800000000005,9.662255593653747,1000,4.0,2500,44381.55898413437
1,2,Apollo,4946.5,10946.5,314.8257460097155,6000.0,19.058161780119597,1000,4.0,2500,72645.40445029899
2,3,Buzz Drilldrin,10947.01,14506.53,263.7140044994376,3559.5200000000004,13.497652529892822,5000,1.5,0,10339.28
3,4,Buzz Drilldrin,14507.08,17263.0,178.37489019033674,2755.92,15.450156673168895,5000,1.5,0,9133.880000000001
4,5,ChallengDriller,17264.5,19506.52,152.5452247191011,2242.0200000000004,14.69741189295494,10000,0.0,0,10000.0
