,DRILL_BIT_ID,DRILL_BIT_NAME,BIT_DEPTH_min,BIT_DEPTH_max,RATE_OF_PENETRATION_mean,total_depth,total_hours,CPR,CPF,CPH,cost
0,1,AstroBit,113.08,11569.02,412.188574648492,11455.94,27.79295862280862,3000,1.0,1500,56145.377934212935
1,2,Apollo,11570.54,13959.04,85.36768692610407,2388.5,27.978970568425172,1000,4.0,2500,80501.42642106293
2,3,ChallengDriller,13959.51,16825.0,121.54446878422782,2865.49,23.575651188923864,10000,0.0,0,10000.0
3,4,ChallengDriller,16826.51,20724.53,127.33956739646531,3898.0200000000004,30.611223830089763,10000,0.0,0,10000.0
4,5,Buzz Drilldrin,20725.01,22452.51,96.54506752789196,1727.5,17.893197904708323,5000,1.5,0,7591.25
