,DRILL_BIT_ID,DRILL_BIT_NAME,BIT_DEPTH_min,BIT_DEPTH_max,RATE_OF_PENETRATION_mean,total_depth,total_hours,CPR,CPF,CPH,cost
0,1,Buzz Drilldrin,1358.55,5269.06,497.88751418256834,3910.51,7.854203788219665,5000,1.5,0,10865.765
1,3,Buzz Drilldrin,7448.54,8402.53,226.2015497382199,953.9900000000007,4.217433528214289,5000,1.5,0,6430.985000000001
2,2,Apollo,5270.64,7447.05,519.2028156682028,2176.41,4.1918301178683075,1000,4.0,2500,20185.21529467077
3,4,Apollo,8403.02,10910.52,161.31319539765846,2507.5,15.544295640655307,1000,4.0,2500,49890.73910163827
