,DRILL_BIT_ID,DRILL_BIT_NAME,BIT_DEPTH_min,BIT_DEPTH_max,RATE_OF_PENETRATION_mean,total_depth,total_hours,CPR,CPF,CPH,cost
0,1,ChallengDriller,370.07,13938.62,351.76784204291044,13568.550000000001,38.57245711034848,10000,0.0,0,10000.0
1,2,Buzz Drilldrin,13939.08,14203.01,175.22739130434783,263.9300000000003,1.5062142855370553,5000,1.5,0,5395.895
2,3,Apollo,14204.54,19331.03,157.95193242305024,5126.489999999998,32.45601317665094,1000,4.0,2500,102645.99294162735
