,DRILL_BIT_ID,DRILL_BIT_NAME,BIT_DEPTH_min,BIT_DEPTH_max,RATE_OF_PENETRATION_mean,total_depth,total_hours,CPR,CPF,CPH,cost
0,1,ChallengDriller,147.13,2288.5,357.26828817733985,2141.37,5.99373096035065,10000,0.0,0,10000.0
1,2,ChallengDriller,2289.05,4390.61,304.703086722195,2101.5599999999995,6.8970748626384655,10000,0.0,0,10000.0
2,3,Apollo,4391.02,6888.55,489.30101183868175,2497.5299999999997,5.1042812901915955,1000,4.0,2500,23750.823225478987
3,4,Apollo,6889.0,10273.11,295.5136078782453,3384.1100000000006,11.451621548995773,1000,4.0,2500,43165.49387248943
4,5,Buzz Drilldrin,10274.55,14512.53,121.86850907029478,4237.980000000001,34.77502131051344,5000,1.5,0,11356.970000000001
5,6,Buzz Drilldrin,14513.01,17022.56,115.33338664534186,2509.550000000001,21.7590939882572,5000,1.5,0,8764.325
6,7,Buzz Drilldrin,17023.01,18043.01,129.86125860373647,1020.0,7.854536533582093,5000,1.5,0,6530.0
