,DRILL_BIT_ID,DRILL_BIT_NAME,BIT_DEPTH_min,BIT_DEPTH_max,RATE_OF_PENETRATION_mean,total_depth,total_hours,CPR,CPF,CPH,cost
0,1,AstroBit,201.22,4858.43,509.84192506459954,4657.21,9.134615595627817,3000,1.0,1500,21359.133393441727
1,2,Buzz Drilldrin,4859.66,8331.02,252.32726054922972,3471.3600000000006,13.757372043131776,5000,1.5,0,10207.04
2,3,ChallengDriller,8332.25,12889.85,142.5098020861193,4557.6,31.98095803435207,10000,0.0,0,10000.0
3,4,ChallengDriller,12892.07,13550.0,126.63988095238095,657.9300000000003,5.195282837066111,10000,0.0,0,10000.0
