,DRILL_BIT_ID,DRILL_BIT_NAME,BIT_DEPTH_min,BIT_DEPTH_max,RATE_OF_PENETRATION_mean,total_depth,total_hours,CPR,CPF,CPH,cost
0,1,AstroBit,111.26,6260.71,499.3330328638497,6149.45,12.315327837877561,3000,1.0,1500,27622.44175681634
1,2,ChallengDriller,6261.03,16071.0,187.60072769953052,9809.970000000001,52.29174812003968,10000,0.0,0,10000.0
2,3,ChallengDriller,16072.53,19075.01,145.46242821985234,3002.4799999999977,20.64093138512744,10000,0.0,0,10000.0
3,4,Apollo,19076.55,19337.05,135.23248730964465,260.5,1.9263122729047177,1000,4.0,2500,6857.780682261794
