,DRILL_BIT_ID,DRILL_BIT_NAME,BIT_DEPTH_min,BIT_DEPTH_max,RATE_OF_PENETRATION_mean,total_depth,total_hours,CPR,CPF,CPH,cost
0,1,Buzz Drilldrin,745.01,6399.11,371.06010123506786,5654.099999999999,15.23769325017811,5000,1.5,0,13481.15
1,2,AstroBit,6400.53,14318.52,198.23593029831756,7917.990000000001,39.9422546058352,3000,1.0,1500,70831.3719087528
2,3,ChallengDriller,14320.5,18654.52,157.22973982839747,4334.02,27.564886927436277,10000,0.0,0,10000.0
3,4,ChallengDriller,18655.01,20628.53,114.27903870162297,1973.5200000000004,17.269308723822622,10000,0.0,0,10000.0
