,DRILL_BIT_ID,DRILL_BIT_NAME,BIT_DEPTH_min,BIT_DEPTH_max,RATE_OF_PENETRATION_mean,total_depth,total_hours,CPR,CPF,CPH,cost
0,1,Apollo,730.65,5522.55,358.7773299748111,4791.900000000001,13.356195053729923,1000,4.0,2500,53558.08763432481
1,2,AstroBit,5523.02,14098.5,218.18887787772528,8575.48,39.30301160816164,3000,1.0,1500,70529.99741224246
2,3,AstroBit,14100.52,17206.6,232.10986765278318,3106.079999999998,13.381938611271936,3000,1.0,1500,26178.987916907903
3,4,AstroBit,17208.01,18754.52,181.46917057902974,1546.510000000002,8.522163820253411,3000,1.0,1500,17329.75573038012
