,DRILL_BIT_ID,DRILL_BIT_NAME,BIT_DEPTH_min,BIT_DEPTH_max,RATE_OF_PENETRATION_mean,total_depth,total_hours,CPR,CPF,CPH,cost
0,1,AstroBit,146.3,12982.5,282.9751814223512,12836.2,45.36157529957189,3000,1.0,1500,83878.56294935783
1,2,ChallengDriller,12986.61,17876.5,104.92768781523759,4889.889999999999,46.60247549350735,10000,0.0,0,10000.0
