,DRILL_BIT_ID,DRILL_BIT_NAME,BIT_DEPTH_min,BIT_DEPTH_max,RATE_OF_PENETRATION_mean,total_depth,total_hours,CPR,CPF,CPH,cost
0,1,Apollo,242.59,10989.0,225.18257091935246,10746.41,47.72309844463385,1000,4.0,2500,163293.3861115846
1,2,Apollo,10990.51,13781.0,42.90476439790576,2790.49,65.03916381221772,1000,4.0,2500,174759.8695305443
