,DRILL_BIT_ID,DRILL_BIT_NAME,BIT_DEPTH_min,BIT_DEPTH_max,RATE_OF_PENETRATION_mean,total_depth,total_hours,CPR,CPF,CPH,cost
0,1,Buzz Drilldrin,170.55,5557.19,401.4176296633303,5386.639999999999,13.41904192030077,5000,1.5,0,13079.96
1,2,Buzz Drilldrin,5558.03,12327.06,272.839433866032,6769.03,24.809573543257272,5000,1.5,0,15153.545
2,3,Apollo,12328.63,15878.56,182.63049901510178,3549.9300000000003,19.43777199944274,1000,4.0,2500,63794.14999860685
3,4,AstroBit,15879.05,21170.55,149.6955397871262,5291.5,35.3484145721693,3000,1.0,1500,61314.121858253944
