,DRILL_BIT_ID,DRILL_BIT_NAME,BIT_DEPTH_min,BIT_DEPTH_max,RATE_OF_PENETRATION_mean,total_depth,total_hours,CPR,CPF,CPH,cost
0,1,AstroBit,554.07,6240.62,482.23467088357387,5686.55,11.792080377756387,3000,1.0,1500,26374.67056663458
1,2,ChallengDriller,6241.12,13212.51,240.96562233951985,6971.39,28.93105635698246,10000,0.0,0,10000.0
2,3,Apollo,13213.0,20974.52,136.22729160012776,7761.52,56.974780228198576,1000,4.0,2500,174483.03057049646
