,DRILL_BIT_ID,DRILL_BIT_NAME,BIT_DEPTH_min,BIT_DEPTH_max,RATE_OF_PENETRATION_mean,total_depth,total_hours,CPR,CPF,CPH,cost
0,1,AstroBit,745.01,5748.55,390.97762289406876,5003.54,12.79750990085603,3000,1.0,1500,27199.804851284047
1,4,AstroBit,16922.5,20628.53,106.30626248708234,3706.029999999999,34.861821997084434,3000,1.0,1500,58998.76299562665
2,2,ChallengDriller,5749.07,12720.56,199.6892872,6971.49,34.91168754094286,10000,0.0,0,10000.0
3,3,ChallengDriller,12722.52,16920.04,196.5152312215985,4197.52,21.359769285601622,10000,0.0,0,10000.0
