,DRILL_BIT_ID,DRILL_BIT_NAME,BIT_DEPTH_min,BIT_DEPTH_max,RATE_OF_PENETRATION_mean,total_depth,total_hours,CPR,CPF,CPH,cost
0,1,Apollo,105.22,3095.02,450.18833458364594,2989.8,6.641220507779481,1000,4.0,2500,29562.251269448705
1,2,Buzz Drilldrin,3096.63,7076.69,474.55407843137255,3980.0599999999995,8.386947201372697,5000,1.5,0,10970.09
2,3,AstroBit,7077.07,11200.53,195.4552689218788,4123.460000000001,21.096694004437914,3000,1.0,1500,38768.50100665687
3,4,ChallengDriller,11201.04,14734.5,110.32434866516566,3533.459999999999,32.027925319768244,10000,0.0,0,10000.0
